AT,V,AP,RH,PE
15.69,37.64,1016.0,83.88,462.18
29.77,69.48,1009.8,52.6,432.69
10.6,41.17,1018.38,87.92,478.47
16.69,40.56,1019.92,51.43,469.9
27.82,52.84,1006.23,52.18,440.31
21.36,68.28,1007.6,72.37,445.91
23.0,57.76,1017.64,56.86,451.39
9.82,41.26,1007.71,96.69,478.02
26.65,74.16,1008.27,94.54,431.47
22.48,50.05,1005.55,82.36,442.56
26.16,70.04,1009.63,73.22,432.56
7.92,39.54,1011.51,84.41,481.44
9.82,41.04,1026.72,77.28,473.98
9.09,41.92,1029.36,91.0,478.98
15.69,37.87,1022.63,87.71,462.16
30.56,69.14,1007.49,71.0,432.26
25.58,47.01,1014.5,63.53,454.39
7.4,41.03,1022.09,74.83,486.81
24.93,47.01,1015.12,64.8,455.39
13.49,41.78,1010.66,63.34,467.92
26.58,62.39,1006.36,68.98,438.66
21.59,48.06,1012.72,77.13,446.83
25.82,69.68,1012.69,89.94,439.58
9.96,42.03,1017.78,82.39,477.85
8.97,39.66,1021.63,78.94,482.62
13.56,40.8,1024.8,63.6,475.89
20.32,44.6,1015.16,36.35,460.21
27.11,66.49,1013.71,39.28,435.79
12.15,43.71,1025.78,93.69,472.59
22.07,48.41,1008.71,81.29,444.01
6.93,41.14,1027.18,84.67,479.06
6.77,39.81,1017.01,87.68,488.27
8.83,36.3,1027.08,72.69,479.86
24.87,65.75,1006.45,65.75,435.6
20.97,47.43,1007.64,71.18,448.22
21.63,71.85,1009.44,76.89,434.1
14.96,43.02,1012.77,42.93,467.16
13.02,45.51,1015.24,80.05,468.46
16.32,43.56,1014.4,59.77,463.57
30.89,74.87,1008.99,56.58,432.68
14.13,43.7,1015.94,80.89,469.28
26.17,48.92,1009.87,34.43,440.09
8.22,41.82,1032.77,71.63,477.86
19.26,65.61,1015.03,85.74,451.85
23.43,51.43,1011.31,73.55,444.09
27.24,44.89,1009.61,51.89,442.84
25.42,66.05,1016.74,68.92,442.6
10.12,41.55,1005.78,62.34,475.46
10.76,44.58,1016.41,79.24,483.54
24.6,57.85,1012.92,69.56,447.09
25.12,71.58,1010.18,87.5,433.58
10.32,42.28,1008.82,75.66,481.09
13.84,41.26,1020.92,74.74,462.46
21.39,64.27,1011.71,95.39,445.12
3.91,35.47,1016.92,86.03,488.67
23.71,67.17,1007.27,90.2,440.65
26.01,58.41,1013.56,70.84,443.74
28.3,64.33,1011.23,68.88,441.51
10.37,39.04,1023.95,81.93,479.35
28.83,64.96,1000.05,63.57,429.13
22.45,63.77,1014.57,87.44,444.26
21.43,59.14,1015.91,64.4,448.51
19.13,66.86,1012.95,71.24,453.31
8.76,41.82,1033.29,76.5,480.08
12.57,39.3,1019.57,72.44,473.67
13.27,40.27,1006.1,40.04,473.88
15.96,41.66,1011.93,55.47,466.39
26.74,59.87,1012.5,62.88,447.88
23.36,59.15,1013.71,86.64,442.53
31.52,76.2,1008.31,57.35,435.31
15.11,56.03,1020.27,89.95,462.65
19.1,43.79,1016.02,77.34,462.28
20.71,46.63,1013.1,74.49,453.05
17.72,39.99,1007.34,72.3,461.7
22.04,57.32,1012.54,62.17,447.27
18.76,58.79,1016.66,88.22,453.44
21.09,59.8,1016.94,76.95,451.98
13.48,40.73,1017.59,94.81,463.6
24.54,72.24,1011.43,74.1,435.08
27.65,67.07,1005.65,60.42,439.03
34.6,64.96,1003.3,34.32,427.65
29.79,77.17,1009.68,64.0,432.84
7.67,35.77,1017.55,60.97,480.06
24.32,59.14,1017.46,80.14,438.08
7.64,40.81,1026.67,95.24,483.38
27.32,76.09,1007.77,74.64,443.13
11.97,42.32,1016.95,88.32,467.98
25.65,68.08,1011.27,75.26,435.91
14.86,44.85,1016.19,67.43,468.87
30.4,77.3,1002.44,59.42,438.43
17.33,53.16,1013.16,82.93,460.67
23.38,48.6,1004.45,69.19,440.9
19.95,50.66,1013.21,81.98,458.72
14.51,49.83,1006.27,91.65,460.45
23.23,56.89,1012.87,75.43,441.85
10.53,40.64,1020.62,98.43,477.99
21.97,58.79,1010.93,86.7,448.8
6.04,41.14,1027.8,86.4,480.39
10.75,40.81,1015.93,79.27,474.71
22.16,58.82,1009.61,87.16,444.76
9.47,40.81,1026.44,91.87,479.96
25.37,68.31,1011.12,70.99,441.76
26.51,67.25,1017.85,64.17,435.52
29.81,73.67,1005.6,60.91,430.67
18.61,47.83,1006.43,78.89,454.21
12.56,43.41,1016.93,81.02,467.19
26.62,76.2,1006.06,69.13,437.81
23.04,63.86,1019.83,59.78,446.22
13.33,38.47,1015.42,58.27,466.26
25.46,70.32,1010.65,64.7,433.08
9.23,39.66,1019.44,76.11,481.77
22.05,59.92,1009.06,93.74,437.9
30.65,65.18,1012.51,42.32,436.79
21.87,61.45,1011.13,92.22,445.21
23.68,59.27,1010.75,83.82,440.44
19.94,38.52,1018.4,55.9,450.48
15.92,41.2,1016.04,73.37,468.91
9.75,42.49,1010.57,83.63,480.35
7.92,36.08,1021.01,81.84,482.98
21.76,60.27,1018.96,85.06,446.86
