Cement (component 1)(kg in a m^3 mixture),Blast Furnace Slag (component 2)(kg in a m^3 mixture),Fly Ash (component 3)(kg in a m^3 mixture),Water  (component 4)(kg in a m^3 mixture),Superplasticizer (component 5)(kg in a m^3 mixture),Coarse Aggregate  (component 6)(kg in a m^3 mixture),Fine Aggregate (component 7)(kg in a m^3 mixture),Age (day),"Concrete compressive strength(MPa, megapascals)"
252.0,0.0,0.0,185.0,0.0,1111.0,784.0,7.0,13.71367764
249.1,0.0,98.75,158.11,12.8,987.76,889.01,3.0,15.36152528
298.0,0.0,107.0,164.0,13.0,953.0,784.0,28.0,35.85964676
222.36,0.0,96.67,189.29,4.46,967.08,870.32,14.0,24.44881896
203.5,135.7,0.0,185.7,0.0,1076.2,759.3,28.0,22.629981272
166.0,260.0,0.0,183.0,13.0,859.0,827.0,28.0,37.91428524
366.0,187.0,0.0,191.0,7.0,824.0,757.0,28.0,65.90701084
167.35,129.9,128.62,175.46,7.79,1006.3,746.6,56.0,51.72448952
303.6,139.9,0.0,213.5,6.2,895.5,722.5,28.0,33.419591196
218.23,54.64,123.78,140.75,11.91,1075.7,792.67,56.0,61.99078716
250.0,0.0,95.69,191.84,5.33,948.9,857.2,100.0,41.1617172
190.0,190.0,0.0,228.0,0.0,932.0,670.0,270.0,50.655112243999994
359.0,19.0,141.0,154.0,10.91,942.0,801.0,7.0,35.75425543054136
298.2,0.0,107.0,209.7,11.1,879.6,744.2,28.0,31.875164956000003
469.0,117.2,0.0,137.8,32.2,852.1,840.5,91.0,70.69886903999999
350.0,0.0,0.0,203.0,0.0,974.0,775.0,7.0,18.12632404
281.0,0.0,0.0,186.0,0.0,1104.0,774.0,7.0,14.49968028
322.0,0.0,0.0,203.0,0.0,974.0,800.0,14.0,20.77391188
439.0,177.0,0.0,186.0,11.1,884.9,707.9,7.0,56.09576736
362.6,189.0,0.0,164.9,11.6,944.7,755.8,28.0,71.29871315999999
102.0,153.0,0.0,192.0,0.0,887.0,942.0,3.0,4.565020596
298.1,0.0,107.0,186.4,6.1,879.0,815.2,28.0,42.6440906
173.0,116.0,0.0,192.0,0.0,946.8,856.8,90.0,32.102692036
284.0,15.0,141.0,179.0,5.46,842.0,801.0,3.0,13.39553371527068
334.0,17.6,158.0,189.0,15.3,967.0,633.0,28.0,44.32641204
182.04,45.21,121.97,170.21,8.19,1059.4,780.65,3.0,7.31534036
313.3,262.2,0.0,175.5,8.6,1046.9,611.8,56.0,64.90037588
229.68,0.0,118.16,195.23,6.13,1028.1,757.63,56.0,31.35047372
213.76,98.06,24.52,181.74,6.65,1066.0,785.52,100.0,49.973220479999995
173.54,50.05,173.53,164.77,6.47,1006.2,793.5,28.0,38.20386516
194.68,0.0,100.52,165.62,7.48,1006.4,905.9,100.0,37.34202016
165.0,0.02,143.57,163.81,0.0,1005.6,900.9,3.0,14.39625888
362.6,189.0,0.0,164.9,11.6,944.7,755.8,3.0,35.3011712
339.0,0.0,0.0,197.0,0.0,968.0,781.0,365.0,38.89334116
162.0,190.1,148.1,178.8,18.8,838.1,741.4,28.0,33.762260768
139.7,163.9,127.7,236.7,5.8,868.6,655.6,28.0,35.225328839999996
350.0,0.0,0.0,203.0,0.0,974.0,775.0,28.0,27.3377234
424.0,22.0,132.0,178.0,8.48,822.0,750.0,7.0,39.004642284729314
178.03,129.8,118.6,179.94,3.57,1007.3,746.8,28.0,39.1622368
322.0,0.0,0.0,203.0,0.0,974.0,800.0,28.0,25.17966352
382.5,0.0,0.0,185.7,0.0,1047.8,739.3,28.0,37.437857324
277.05,0.0,97.39,160.6,11.83,973.9,875.61,14.0,41.885667
150.0,236.8,0.0,173.8,11.9,1069.3,674.8,28.0,37.43165204
178.03,129.8,118.6,179.94,3.57,1007.3,746.8,100.0,49.99390476
297.16,0.0,117.54,174.8,9.52,1022.8,753.45,3.0,21.91154728
528.0,0.0,0.0,185.0,6.86,920.0,720.0,28.0,56.83350668
387.0,20.0,94.0,157.0,13.93,938.0,845.0,7.0,45.89841732
198.6,132.4,0.0,192.0,0.0,978.4,825.5,90.0,38.074243671999994
362.6,189.0,0.0,164.9,11.6,944.7,755.8,56.0,77.29715436
116.0,173.0,0.0,192.0,0.0,909.8,891.9,28.0,22.347985588
141.3,212.0,0.0,203.5,0.0,971.8,748.5,28.0,29.89223198
155.0,0.0,143.0,193.0,9.0,1047.0,697.0,28.0,12.45883132
540.0,0.0,0.0,173.0,0.0,1125.0,613.0,90.0,69.65776027999999
148.0,0.0,182.0,181.0,15.0,839.0,884.0,28.0,15.52010476
475.0,118.8,0.0,181.1,8.9,852.1,781.5,91.0,74.19451236
393.0,0.0,0.0,192.0,0.0,940.6,785.6,90.0,48.846616696
446.0,24.0,79.0,162.0,11.61,967.0,712.0,28.0,57.02655996
520.0,0.0,0.0,175.0,5.2,870.0,805.0,28.0,51.021224
297.0,0.0,0.0,186.0,0.0,1040.0,734.0,7.0,30.9574724
304.8,0.0,99.6,196.0,9.8,959.4,705.2,28.0,30.12320644
491.0,26.0,123.0,210.0,3.93,882.0,699.0,3.0,25.60910856945864
194.68,0.0,100.52,170.17,7.48,998.0,901.8,14.0,24.28334472
380.0,0.0,0.0,228.0,0.0,932.0,670.0,90.0,52.908319811999995
356.0,119.0,0.0,160.0,9.03,1061.0,657.0,28.0,58.99846132
339.0,0.0,0.0,197.0,0.0,968.0,781.0,90.0,35.17017076
275.0,0.0,0.0,183.0,0.0,1088.0,808.0,28.0,24.49708228
272.6,0.0,89.6,198.7,10.6,931.3,762.2,28.0,32.245413568000004
337.9,189.0,0.0,174.9,9.5,944.7,755.8,28.0,49.89737812
296.0,0.0,0.0,186.0,0.0,1090.0,769.0,28.0,25.17966352
156.0,243.0,0.0,180.0,11.0,1022.0,698.0,28.0,37.36270444
304.0,76.0,0.0,228.0,0.0,932.0,670.0,28.0,47.813781648
250.0,0.0,95.69,187.42,5.53,956.86,861.17,14.0,24.91766264
337.9,189.0,0.0,174.9,9.5,944.7,755.8,7.0,35.101223159999996
288.0,192.0,0.0,192.0,0.0,932.0,717.8,7.0,23.523542168
313.3,145.0,0.0,178.5,8.0,1001.9,688.7,28.0,41.053469468
318.8,212.5,0.0,155.7,14.3,852.1,880.4,56.0,66.10006412
167.0,75.4,167.0,164.03,7.91,1007.3,770.1,28.0,41.40992856
148.1,0.0,136.6,158.1,16.1,1001.8,830.1,28.0,17.959470848000002
203.5,305.3,0.0,203.5,0.0,963.4,630.0,7.0,19.539060364
425.0,106.3,0.0,153.5,16.5,852.1,887.1,7.0,49.20100736
349.0,0.0,0.0,192.0,0.0,1047.0,806.0,3.0,14.98920824
297.16,0.0,117.54,174.8,9.52,1022.8,753.45,56.0,51.95891136
238.05,0.0,94.11,186.66,7.0,949.91,847.01,56.0,39.58971192
192.0,288.0,0.0,192.0,0.0,929.8,716.1,90.0,50.732333556
322.2,0.0,115.6,196.0,10.4,817.9,813.4,28.0,31.178794196
164.2,0.0,200.1,181.2,12.6,849.3,846.0,28.0,15.091250688
181.9,272.8,0.0,185.7,0.0,1012.4,714.3,7.0,12.37264682
424.0,22.0,132.0,178.0,8.48,882.0,750.0,3.0,32.01138571527068
310.0,0.0,0.0,192.0,0.0,970.0,850.0,180.0,37.32823064
181.38,0.0,167.01,169.59,7.56,1055.6,777.8,14.0,21.60128308
290.2,193.5,0.0,185.7,0.0,998.2,704.3,7.0,21.859147104
439.0,177.0,0.0,186.0,11.1,884.9,707.9,91.0,73.29819356
300.0,0.0,120.0,212.0,10.0,878.0,728.0,28.0,23.83518532
139.6,209.4,0.0,192.0,0.0,1047.0,806.9,3.0,8.06342182
181.38,0.0,167.01,169.59,7.56,1055.6,777.8,56.0,35.570066839999996
315.0,137.0,0.0,145.0,5.9,1130.0,745.0,28.0,81.75116932
359.0,19.0,141.0,154.0,10.91,942.0,801.0,56.0,66.78067543054136
255.5,170.3,0.0,185.7,0.0,1026.6,724.3,7.0,17.236210524
198.6,132.4,0.0,192.0,0.0,978.4,825.5,3.0,9.131420144
190.68,0.0,125.4,162.14,7.77,1090.0,804.01,56.0,35.34253976
159.1,186.7,0.0,175.6,11.3,989.6,788.9,28.0,32.768036376000005
305.0,0.0,100.0,196.0,10.0,959.0,705.0,28.0,30.12320644
297.16,0.0,117.54,174.8,9.52,1022.8,753.45,28.0,47.401475
148.5,139.4,108.6,192.7,6.1,892.4,780.0,28.0,23.696600644
446.0,24.0,79.0,162.0,11.61,967.0,712.0,3.0,35.36322404
153.0,145.0,113.0,178.0,8.0,1002.0,689.0,28.0,25.55887532
237.5,237.5,0.0,228.0,0.0,932.0,594.0,90.0,33.116911232
491.0,26.0,123.0,210.0,3.93,882.0,699.0,7.0,33.488834284729315
446.0,24.0,79.0,162.0,10.3,967.0,712.0,28.0,53.38612668
250.2,166.8,0.0,203.5,0.0,977.6,694.1,28.0,36.964187312
295.71,0.0,95.64,171.54,8.87,955.14,859.2,14.0,35.2322236
186.2,124.1,0.0,185.7,0.0,1083.4,764.3,28.0,17.596806471999997
277.0,116.8,91.0,190.6,7.0,946.5,665.6,28.0,43.57833058
146.5,114.6,89.3,201.9,8.8,860.0,829.5,28.0,19.98790924
254.0,0.0,0.0,198.0,0.0,968.0,863.0,180.0,27.62730332
387.0,20.0,94.0,157.0,14.32,938.0,845.0,7.0,36.83870268
251.37,0.0,118.27,192.94,5.75,1043.6,754.3,100.0,40.14818748
475.0,0.0,0.0,228.0,0.0,932.0,594.0,7.0,38.60376124
165.0,128.5,132.1,175.06,8.08,1005.8,746.6,14.0,33.08795324
203.5,305.3,0.0,203.5,0.0,963.4,630.0,3.0,9.561653168
