number_of_elements,mean_atomic_mass,mean_fie,mean_atomic_radius,mean_Density,mean_ElectronAffinity,mean_FusionHeat,mean_ThermalConductivity,mean_Valence,range_atomic_radius,wtd_mean_ThermalConductivity,critical_temp
5.0,74.23165,816.36,160.0,4816.6858,62.09,8.0144,111.005316,2.2,205.0,36.7540846025105,46.0
2.0,53.3855,742.5,138.5,6370.0,50.8,43.0,83.0,4.5,103.0,101.666666666667,4.74
5.0,82.98973464,1047.22,103.0,3577.825,163.14,3.8824,4.251856,3.4,153.0,4.287428,9.25
4.0,76.5177175,787.05,151.75,4434.35725,79.6075,6.9055,112.006645,2.25,171.0,61.56376,21.3
4.0,76.797975,656.575,191.5,4491.75,40.5125,12.9575,61.75,2.75,139.0,63.4,36.9
3.0,107.028793333333,766.8,166.666666666667,9096.66666666667,82.5,21.0666666666667,49.6666666666667,4.66666666666667,65.0,47.92665,1.6
2.0,60.49594,724.8,154.5,5450.0,111.35,38.5,102.0,4.5,87.0,78.0,17.5
4.0,76.4445625,794.0,164.5,4235.85725,77.2375,8.1805,108.756645,2.25,205.0,97.5238967315175,83.2
4.0,100.351275,734.25,171.75,3536.85725,75.1375,5.363,31.506645,2.5,205.0,10.7420945436309,27.3
2.0,97.06475,689.6,189.5,9480.5,76.9,21.35,86.5,5.0,33.0,40.78,9.5
3.0,14.709394,812.1,114.666666666667,2015.33333333333,10.4,22.2166666666667,125.666666666667,2.33333333333333,58.0,82.2,36.0
4.0,118.298125,742.2,166.5,11634.0,85.85,29.4,85.5,4.5,139.0,80.3333333333333,7.37
5.0,100.40441,723.74,179.8,5224.2858,76.17,7.0644,89.605316,2.6,205.0,178.946654285714,48.9
4.0,53.17239107,739.75,153.0,5867.25,54.05,15.075,92.25,3.25,76.0,90.1916666666667,10.6
5.0,63.083019,778.64,134.4,6473.8,82.76,42.08,74.8,3.2,150.0,66.5364667747164,3.8
2.0,51.85869,731.9,142.5,5515.0,57.9,38.4,40.5,4.0,111.0,34.1052631578947,9.96
5.0,71.42825,786.56,160.4,5686.6858,80.566,11.6844,114.405316,3.0,171.0,22.955948,17.6
3.0,94.2435333333333,750.733333333333,167.0,6281.66666666667,49.4,16.9333333333333,47.6666666666667,3.66666666666667,117.0,54.4,29.0
5.0,91.50808,831.2,162.2,5511.0858,56.644,6.4304,125.265316,2.0,205.0,100.582381834862,134.0
3.0,100.359666666667,762.266666666667,166.333333333333,6270.0,108.8,15.1433333333333,59.4016666666667,5.0,135.0,58.3093333333333,8.45
3.0,15.7089,874.4,99.6666666666667,2152.66666666667,61.7,54.5666666666667,109.0,3.0,78.0,93.9333333333333,19.45
5.0,103.00601,736.28,185.2,5402.4858,76.17,7.6444,88.405316,2.6,205.0,95.6973796930161,86.8
7.0,88.3096071428571,726.442857142857,161.142857142857,5180.48985714286,52.9857142857143,7.04171428571429,109.86094,2.57142857142857,171.0,85.7181584615385,60.0
7.0,109.666542857143,735.157142857143,158.428571428571,5895.91842857143,64.8,7.51885714285714,99.2895114285714,2.85714285714286,171.0,135.200765116279,88.3
2.0,136.92713,711.85,199.0,12610.0,60.05,31.4,55.5,5.0,2.0,56.58,4.76
3.0,158.733,703.0,185.333333333333,12988.6666666667,89.3,19.3,56.3333333333333,4.33333333333333,81.0,63.9655172413793,1.25
2.0,74.3707693,705.25,125.5,4698.5,74.35,15.2,129.5,4.0,15.0,129.5,2.8
2.0,142.56169,765.85,189.0,15565.0,120.05,26.4,102.0,5.5,18.0,109.2,4.6
2.0,137.225,630.0,199.0,11795.0,37.45,30.75,81.0,5.0,18.0,38.08,2.6
2.0,25.5545,752.1,155.0,1558.0,102.65,53.665,120.0,2.5,176.0,135.555555555556,0.134
3.0,130.298626666667,750.4,182.666666666667,14156.6666666667,135.2,22.8333333333333,91.6666666666667,5.66666666666667,25.0,77.0125,2.53
3.0,115.711066666667,814.9,135.333333333333,7930.0,121.733333333333,5.93333333333333,155.068333333333,3.66666666666667,78.0,160.8675,1.13
5.0,88.936744,743.42,170.6,4617.8858,71.69,7.8044,89.605316,2.4,205.0,110.170842666667,61.0
6.0,73.2022615466667,732.5,156.5,3981.5715,69.9666666666667,7.227,130.50443,2.33333333333333,171.0,74.0008315789474,86.0
2.0,86.35075,741.7,152.0,6403.5,78.4,21.25,27.5,5.0,38.0,30.86,3.29
6.0,51.6054166666667,825.8,142.166666666667,4013.40483333333,49.8883333333333,13.537,59.1710966666667,3.16666666666667,171.0,30.3724675,30.0
5.0,110.7555478,836.88,140.0,10323.2,132.84,38.76,114.2,4.2,128.0,82.8688524590164,10.2
2.0,149.3185,835.8,174.5,17291.5,103.85,21.35,110.5,5.0,11.0,140.52,0.035
3.0,64.1415666666667,744.7,181.333333333333,1455.80966666667,69.2833333333333,3.51733333333333,39.3421933333333,1.66666666666667,205.0,12.719935,30.8
4.0,91.48215,790.7,160.25,9150.25,76.8425,17.51,100.0,4.0,80.0,94.4666666666667,13.7
7.0,79.1843928571429,739.6,163.285714285714,5009.06128571429,56.0857142857143,9.83314285714286,102.575225714286,2.85714285714286,171.0,160.680731111111,40.0
4.0,142.082,712.6,144.5,8050.0,91.875,8.1325,46.75,4.25,33.0,29.156,0.4
4.0,121.7724625,682.525,187.0,7593.75,61.65,10.7,48.5,3.5,77.0,58.15,4.03
3.0,89.6346732,699.1,158.666666666667,8328.33333333333,95.9666666666667,13.0666666666667,190.333333333333,3.66666666666667,66.0,222.75,4.4
3.0,73.40975,703.866666666667,162.0,6234.33333333333,88.3666666666667,20.1333333333333,56.0,3.0,87.0,57.6,0.46
4.0,74.628855,744.6,155.75,5446.5,87.375,34.975,65.25,3.0,145.0,96.05,2.79
3.0,161.008133333333,837.133333333333,141.0,12016.3333333333,165.333333333333,12.1,26.5066666666667,5.66666666666667,74.0,26.5066666666667,1.45
2.0,106.5942693,668.15,153.0,11860.0,30.0,21.85,141.5,5.0,70.0,80.2413793103448,3.35
2.0,97.195,796.65,129.0,6010.0,112.6,25.75,42.0,4.5,8.0,34.8,3.3
6.0,67.4249416666667,750.266666666667,166.833333333333,4566.90483333333,71.0533333333333,9.74366666666667,121.00443,2.16666666666667,205.0,95.6679676272514,62.0
5.0,83.24476,779.88,149.8,4584.2858,73.1,8.1524,128.605316,2.6,171.0,80.7462169132856,72.5
2.0,95.87944,780.15,143.5,9555.0,30.35,43.0,42.0,4.0,113.0,42.0,4.0
4.0,76.4445625,794.0,164.5,4235.85725,77.2375,8.1805,108.756645,2.25,205.0,100.65634064257,33.5
6.0,112.833841666667,702.516666666667,191.666666666667,5570.23816666667,72.0583333333333,9.57033333333333,76.6710966666667,2.66666666666667,205.0,96.1758507692308,47.8
5.0,88.679574,730.14,172.0,4249.4858,66.776,7.1244,93.205316,2.2,205.0,96.820224368917,72.5
3.0,161.784166666667,802.466666666667,179.333333333333,19200.0,123.766666666667,26.2333333333333,129.0,6.0,12.0,104.01,0.22
3.0,90.3164106666667,754.2,157.0,6779.66666666667,74.9333333333333,10.88,44.412,4.66666666666667,97.0,50.6944,3.7
2.0,184.36,697.5,196.5,17950.0,54.55,28.25,55.0,5.0,23.0,65.6666666666667,1.85
4.0,76.4445625,794.0,164.5,4235.85725,77.2375,8.1805,108.756645,2.25,205.0,97.904745625,64.0
5.0,68.1447664,769.4,151.4,4624.0,44.514,11.396,68.4472,3.6,97.0,87.14559,41.0
2.0,17.558,768.75,116.0,2099.0,14.85,29.35,93.5,2.5,58.0,71.3333333333333,5.0
4.0,62.3400905,816.375,146.75,4513.5,43.9325,12.535,41.059,3.75,121.0,49.443424,19.2
5.0,87.99528,780.14,165.6,5882.2858,69.31,11.0044,102.405316,2.4,205.0,95.9470220401855,88.0
5.0,87.98225,798.44,163.4,7062.6858,76.026,13.5444,124.405316,3.0,171.0,96.2157675968992,45.0
5.0,91.50808,831.2,162.2,5511.0858,56.644,6.4304,125.265316,2.0,205.0,87.03829,117.0
2.0,75.458085,813.4,131.0,4203.0,102.45,55.65,76.5,3.5,128.0,97.6666666666667,1.44
6.0,59.9346530333333,992.716666666667,119.333333333333,4536.6875,103.283333333333,10.247,24.9590466666667,3.0,153.0,35.50221955,25.0
6.0,70.5274666666667,736.55,152.666666666667,3909.40483333333,71.1,7.29366666666667,121.337763333333,2.33333333333333,171.0,113.430070731707,91.0
6.0,95.5789666666667,748.933333333333,163.666666666667,5137.0715,69.5,8.46033333333333,109.00443,2.66666666666667,185.0,131.2645725,83.0
3.0,84.915025,713.733333333333,174.333333333333,9973.33333333333,88.0,21.5666666666667,101.333333333333,5.0,46.0,77.75,2.28
5.0,72.96372,776.1,161.0,4902.2858,81.764,8.2324,209.605316,1.8,205.0,240.320598181818,112.0
5.0,74.23165,816.36,160.0,4816.6858,62.09,8.0144,111.005316,2.2,205.0,95.10662,64.9
4.0,138.4919125,722.5,185.75,12074.25,91.65,20.825,61.0,5.25,114.0,43.6117647058824,0.8
7.0,78.9406071428571,796.714285714286,163.571428571429,5574.48985714286,46.0857142857143,8.19314285714286,105.618082857143,2.28571428571429,171.0,85.2910708946952,63.5
1.0,92.90638,663.6,198.0,8570.0,87.6,26.8,54.0,5.0,0.0,54.0,9.18
3.0,20.6991795333333,704.9,116.666666666667,2299.33333333333,24.5666666666667,23.1333333333333,140.666666666667,2.66666666666667,58.0,76.3333333333333,29.1
5.0,75.10025,750.94,158.8,4569.4858,67.87,7.6624,92.805316,2.4,205.0,95.5427738461538,90.88
6.0,120.375211666667,761.05,150.666666666667,6476.23816666667,74.6216666666667,7.21533333333333,81.8377633333333,3.0,171.0,44.9781345454546,43.3
4.0,88.9444675,775.425,160.25,4654.35725,81.8375,6.9055,107.756645,2.25,205.0,60.94376,26.0
6.0,67.6233122,991.633333333333,122.166666666667,5353.35416666667,120.166666666667,12.3303333333333,43.6757133333333,3.33333333333333,153.0,37.0441758,23.6
2.0,135.69819,619.4,203.0,10940.0,44.55,26.15,38.5,4.5,10.0,43.77,17.0
2.0,191.2235,843.95,182.5,22575.0,130.05,28.5,118.5,6.0,5.0,131.1,0.48
4.0,72.1299675,884.15,126.5,5195.60725,96.25,12.8555,38.506645,3.0,147.0,38.506645,2.98
2.0,60.33225,614.4,153.5,6007.0,41.25,14.195,30.0,4.0,35.0,30.0,16.45
2.0,137.556425,687.25,200.0,12746.0,23.55,22.2,32.5,5.0,24.0,37.6666666666667,1.83
2.0,159.60065,573.45,156.0,9580.0,25.55,3.73,64.0,3.0,0.0,68.32,2.76
4.0,90.97585,782.425,146.0,5665.10725,91.35,6.4805,107.006645,2.75,158.0,62.2507552873563,21.3
7.0,104.470285714286,763.585714285714,152.571428571429,6393.06128571429,75.6,8.11885714285714,158.289511428571,2.57142857142857,171.0,174.52221372549,97.0
4.0,78.77165,706.55,167.5,5540.25,38.0175,14.285,86.5,3.25,92.0,86.0575,11.0
6.0,110.320616666667,790.816666666667,161.166666666667,6567.5715,50.6533333333333,6.05866666666667,112.05443,2.16666666666667,205.0,191.488881666667,107.6
5.0,72.89433,782.44,161.4,5170.2858,84.49,9.9844,105.205316,2.2,205.0,94.9727738461538,85.9
6.0,99.560675,697.183333333333,190.5,4497.5715,64.5633333333333,7.587,80.00443,2.5,205.0,100.038478557692,51.0
2.0,97.609591,828.95,150.0,11434.0,8.75,20.475,119.0,4.5,76.0,187.16,9.45
4.0,76.797975,656.575,191.5,4491.75,40.5125,12.9575,61.75,2.75,139.0,62.58,29.4
4.0,74.2815,889.625,139.0,5238.85725,72.675,12.5555,35.506645,3.25,190.0,38.383407027027,52.1
4.0,76.5177175,787.05,151.75,4434.35725,79.6075,6.9055,112.006645,2.25,171.0,61.34376,25.0
3.0,90.7106666666667,734.0,170.666666666667,5401.0,76.3833333333333,9.06666666666667,32.5066666666667,3.66666666666667,150.0,28.7559322033898,11.0
2.0,202.0832845,802.25,164.0,15320.0,130.45,8.635,177.5,4.5,20.0,130.0,4.42
5.0,84.05704064,1045.3,105.2,3750.625,163.54,4.0424,5.051856,3.4,164.0,5.087428,4.37
2.0,50.458275,850.55,139.5,3366.0,93.25,58.2,78.5,3.5,145.0,99.0,3.838
4.0,88.9444675,775.425,160.25,4654.35725,81.8375,6.9055,107.756645,2.25,205.0,60.9794742857143,29.1
3.0,157.117616666667,767.766666666667,192.333333333333,16540.6666666667,97.0666666666667,22.8,84.6666666666667,5.0,32.0,95.1666666666667,2.4
4.0,76.797975,656.575,191.5,4491.75,40.5125,12.9575,61.75,2.75,139.0,58.2176,12.0
3.0,41.52648,907.133333333333,116.333333333333,3811.02996666667,82.3,18.386,30.3935,3.33333333333333,118.0,37.9384965286387,5.83
7.0,108.678685714286,731.014285714286,165.142857142857,5395.91842857143,59.65,7.64742857142857,99.4323685714286,2.71428571428571,205.0,170.390438877755,109.6
2.0,98.509,779.65,137.5,11740.0,22.1,41.5,37.5,5.0,101.0,42.75,4.7
3.0,63.90496,657.166666666667,181.666666666667,6395.66666666667,49.6,22.7666666666667,35.6666666666667,4.66666666666667,27.0,29.7,5.3
5.0,89.33718,740.52,181.0,4716.6858,72.09,7.9244,89.605316,2.6,205.0,96.3681584615385,85.5
5.0,81.789084,752.62,151.4,6194.8,80.02,40.06,57.0,3.0,161.0,65.0416666666667,5.91
5.0,69.321369,860.62,143.4,5828.4858,71.18,12.9644,48.405316,3.6,199.0,35.769145,4.7
5.0,60.93397464,1047.9,111.0,3950.025,123.64,9.6564,28.410856,2.8,153.0,35.5066646,25.2
8.0,83.50210875,672.1,168.25,4501.428625,49.81875,6.6265,97.1283225,2.375,205.0,201.575105333333,68.0
5.0,116.66916,805.04,141.8,6542.2858,79.646,7.3984,95.605316,3.0,171.0,80.77943,10.5
6.0,103.903966666667,769.1,150.5,5710.23816666667,67.0166666666667,7.58866666666667,113.00443,2.83333333333333,171.0,167.814512871287,106.35
3.0,131.756433333333,722.366666666667,169.333333333333,11577.0,113.033333333333,32.7333333333333,105.333333333333,4.33333333333333,106.0,114.736842105263,3.72
6.0,103.903966666667,769.1,150.5,5710.23816666667,67.0166666666667,7.58866666666667,113.00443,2.83333333333333,171.0,175.440928070175,105.0
4.0,113.9455025,653.125,176.0,8497.75,58.5,28.625,45.0,3.75,135.0,47.6,4.31
2.0,189.462,818.9,185.0,20350.0,143.45,27.5,120.5,6.0,16.0,118.52,1.35
4.0,91.8081,775.175,171.0,4956.10725,82.3375,7.4555,107.756645,2.25,205.0,96.2734384650983,47.0
5.0,55.18976064,966.0,136.4,2804.625,122.244,6.0244,123.610856,1.8,211.0,109.080962133333,102.0
